Z,A,file,ct_ok,bsfg_ok,p_ct,p_b,chi_ct_flag,chi_b_flag,mb_ct_flag,mb_b_flag,ct_flagged,bsfg_flagged,any_flagged
12,25,NLD_12_25_2.csv,False,False,,,False,False,False,False,False,False,False
13,28,NLD_13_28_1.csv,False,False,,,False,False,False,False,False,False,False
14,29,NLD_14_29_1.csv,False,False,,,False,False,False,False,False,False,False
14,29,NLD_14_29_2.csv,False,False,,,False,False,False,False,False,False,False
15,32,NLD_15_32_1.csv,True,True,0.8084097496200809,0.7892880417612298,False,False,False,False,False,False,False
16,33,NLD_16_33_1.csv,True,True,0.43967468686934974,0.4018001654298703,False,False,False,False,False,False,False
19,40,NLD_19_40_1.csv,True,True,,,False,False,True,False,True,False,True
19,40,NLD_19_40_2.csv,True,True,,,False,False,True,False,True,False,True
19,40,NLD_19_40_3.csv,True,True,,,False,False,True,False,True,False,True
21,43,NLD_21_43_1.csv,True,True,0.0845406588459363,0.08805241443620618,False,False,False,False,False,False,False
21,44,NLD_21_44_2.csv,True,True,0.994746329632268,0.9947351696446425,False,False,False,False,False,False,False
21,45,NLD_21_45_1.csv,True,True,0.9896091668864346,0.9903495655167538,False,False,False,False,False,False,False
22,45,NLD_22_45_1.csv,True,True,7.877711853750373e-07,7.421408376503173e-07,True,True,False,False,True,True,True
22,46,NLD_22_46_2.csv,True,True,4.5541198507494716e-117,3.0209974701743234e-113,True,True,False,False,True,True,True
22,47,NLD_22_47_1.csv,True,True,0.999697982111158,0.9999864955817953,False,False,False,False,False,False,False
22,51,NLD_22_51_1.csv,False,False,,,False,False,False,False,False,False,False
22,51,NLD_22_51_2.csv,False,False,,,False,False,False,False,False,False,False
23,47,NLD_23_47_1.csv,True,True,1.0,0.9999999997027882,False,False,False,False,False,False,False
23,48,NLD_23_48_1.csv,True,True,1.0,0.9999999999870887,False,False,False,False,False,False,False
23,49,NLD_23_49_1.csv,True,True,1.0,0.9999066771113923,False,False,False,False,False,False,False
23,50,NLD_23_50_1.csv,True,True,0.14575891944099356,0.6981582390625971,False,False,False,False,False,False,False
23,51,NLD_23_51_1.csv,True,True,0.06534418290778816,0.11843033569690033,False,False,False,False,False,False,False
24,51,NLD_24_51_1.csv,True,True,0.00785362274936965,0.525483905336782,True,False,False,False,True,False,True
24,53,NLD_24_53_1.csv,True,True,,,False,False,True,False,True,False,True
25,52,NLD_25_52_1.csv,True,True,6.503845304053868e-08,4.550637973095777e-09,True,True,False,False,True,True,True
25,53,NLD_25_53_1.csv,True,True,0.9999999999999991,1.0,False,False,False,False,False,False,False
25,54,NLD_25_54_1.csv,True,True,0.14522303747083357,0.11565349398726874,False,False,False,False,False,False,False
25,54,NLD_25_54_2.csv,True,True,0.9999999999721024,0.9999999999767416,False,False,False,False,False,False,False
26,55,NLD_26_55_1.csv,True,True,2.7765275602715084e-74,2.2371982988055594e-132,True,True,False,False,True,True,True
26,56,NLD_26_56_1.csv,True,True,0.2881176734844647,0.1983667847079453,False,False,False,False,False,False,False
26,57,NLD_26_57_1.csv,True,True,0.5088482219397998,0.449257925451122,False,False,False,False,False,False,False
26,57,NLD_26_57_4.csv,True,True,4.765546459330458e-14,1.0076935982885537e-22,True,True,False,False,True,True,True
26,57,NLD_26_57_5.csv,True,True,0.0019189084294807114,0.015555953073187972,True,False,False,False,True,False,True
26,57,NLD_26_57_6.csv,True,True,0.9754491554845903,0.13847056275544004,False,False,False,False,False,False,False
26,57,NLD_26_57_7.csv,True,True,0.9999713626947473,0.9999369310249484,False,False,False,False,False,False,False
27,57,NLD_27_57_1.csv,False,False,,,False,False,False,False,False,False,False
27,59,NLD_27_59_1.csv,False,False,,,False,False,False,False,False,False,False
27,60,NLD_27_60_3.csv,True,True,0.9999986052143398,0.999995969810815,False,False,False,False,False,False,False
27,60,NLD_27_60_7.csv,True,True,0.9944307578703732,0.7522469537713932,False,False,False,False,False,False,False
28,59,NLD_28_59_1.csv,True,True,0.9999982404551102,0.9999996900604848,False,False,False,False,False,False,False
28,59,NLD_28_59_2.csv,True,True,0.9999237845017093,0.9997792285392743,False,False,False,False,False,False,False
28,59,NLD_28_59_3.csv,True,True,,,False,False,True,False,True,False,True
28,60,NLD_28_60_2.csv,True,True,0.0008337988734441019,0.034815227282957856,True,False,False,False,True,False,True
28,60,NLD_28_60_4.csv,True,True,0.8299766903427119,0.8541314056306738,False,False,False,False,False,False,False
28,60,NLD_28_60_5.csv,True,True,0.9999999841922498,0.9999903504784126,False,False,False,False,False,False,False
28,61,NLD_28_61_1.csv,True,True,0.9994944397358553,0.9999940606770383,False,False,False,False,False,False,False
28,61,NLD_28_61_2.csv,True,True,0.3426168323099308,0.0008826634446203191,False,True,False,False,False,True,True
28,62,NLD_28_62_1.csv,True,True,0.5747224647829927,0.9874137249342969,False,False,False,False,False,False,False
28,62,NLD_28_62_2.csv,False,False,,,False,False,False,False,False,False,False
28,63,NLD_28_63_1.csv,True,True,0.9760273677354661,0.9956963997125989,False,False,False,False,False,False,False
28,63,NLD_28_63_2.csv,True,True,0.999976526472913,0.8321179491930735,False,False,False,False,False,False,False
28,64,NLD_28_64_1.csv,True,True,5.365345348850058e-05,0.0012951502824915034,True,True,False,False,True,True,True
28,64,NLD_28_64_2.csv,True,True,0.9851739393295283,0.9991988746621555,False,False,False,False,False,False,False
29,61,NLD_29_61_1.csv,True,True,0.06250998986657166,0.16220359947793636,False,False,False,False,False,False,False
29,63,NLD_29_63_2.csv,False,False,,,False,False,False,False,False,False,False
29,64,NLD_29_64_1.csv,True,True,0.10221896431361,0.041228946390162856,False,False,False,False,False,False,False
30,60,NLD_30_60_1.csv,True,True,0.999999999997446,0.9999999999711283,False,False,False,False,False,False,False
30,64,NLD_30_64_1.csv,True,True,0.9990203075372542,0.9994404597387412,False,False,False,False,False,False,False
30,64,NLD_30_64_2.csv,True,True,0.9999999942888987,0.9998829281403601,False,False,False,False,False,False,False
30,66,NLD_30_66_1.csv,True,True,2.156789189650904e-76,2.5864584171654584e-182,True,True,False,False,True,True,True
32,70,NLD_32_70_1.csv,True,True,7.102136002336731e-17,0.999999549464647,True,False,False,False,True,False,True
32,73,NLD_32_73_1.csv,True,True,0.005502797144823113,0.3773702428973629,True,False,False,False,True,False,True
32,73,NLD_32_73_2.csv,True,True,0.005502797144823113,0.3773702428973629,True,False,False,False,True,False,True
32,74,NLD_32_74_1.csv,True,True,0.8334941719034871,0.9999999956013654,False,False,False,False,False,False,False
32,76,NLD_32_76_1.csv,True,True,0.9927248530865656,0.9999999916457224,False,False,False,False,False,False,False
33,69,NLD_33_69_1.csv,True,True,1.360324113916011e-11,1.0,True,False,False,False,True,False,True
36,87,NLD_36_87_2.csv,False,False,,,False,False,False,False,False,False,False
36,88,NLD_36_88_1.csv,True,True,0.7416252971883663,0.7304255895347507,False,False,False,False,False,False,False
38,92,NLD_38_92_1.csv,True,True,0.7978084721180647,0.7948190462835913,False,False,False,False,False,False,False
39,89,NLD_39_89_2.csv,True,True,1.3577655585463879e-15,7.484724782886096e-31,True,True,False,False,True,True,True
39,90,NLD_39_90_1.csv,True,True,0.9954449981879216,0.9913903661143874,False,False,False,False,False,False,False
40,90,NLD_40_90_1.csv,True,True,0.9999999999790047,0.9999255021443454,False,False,False,False,False,False,False
40,91,NLD_40_91_1.csv,True,True,0.9354709120461416,0.9415885212993099,False,False,False,False,False,False,False
40,91,NLD_40_91_2.csv,True,True,0.9378395481965837,0.9446699923161319,False,False,False,False,False,False,False
40,92,NLD_40_92_1.csv,True,True,0.4335419404260051,0.11922354665125792,False,False,False,False,False,False,False
40,92,NLD_40_92_2.csv,True,True,0.45545026597445304,0.1133987947079072,False,False,False,True,False,True,True
41,94,NLD_41_94_1.csv,True,True,0.9209759407680729,0.9999985099204489,False,False,False,False,False,False,False
41,94,NLD_41_94_2.csv,True,True,0.9999999996657849,2.1708032196197892e-06,False,True,False,False,False,True,True
42,93,NLD_42_93_1.csv,True,True,0.06732457710679694,0.053351121307547815,False,False,False,False,False,False,False
42,94,NLD_42_94_1.csv,True,True,0.010248332861269142,0.01500582521771446,False,False,False,False,False,False,False
42,95,NLD_42_95_1.csv,True,True,0.057772643936218254,0.06131976252239225,False,False,False,False,False,False,False
42,96,NLD_42_96_1.csv,True,True,0.8136416920207471,0.97833053162931,False,False,False,False,False,False,False
42,97,NLD_42_97_1.csv,True,True,0.052684417735909095,0.4653948498612791,False,False,False,False,False,False,False
42,98,NLD_42_98_1.csv,True,True,0.15232042904730939,6.402404000023734e-12,False,True,False,False,False,True,True
46,104,NLD_46_104_1.csv,True,True,1.2839209497201635e-05,0.9999999999654504,True,False,False,False,True,False,True
46,105,NLD_46_105_1.csv,True,True,0.09921511010389217,0.9780278980891755,False,False,False,False,False,False,False
46,106,NLD_46_106_1.csv,True,True,0.006551118817592198,0.9983207424765417,True,False,False,False,True,False,True
46,107,NLD_46_107_1.csv,True,True,0.9146264152313922,0.273873627687959,False,False,False,False,False,False,False
46,108,NLD_46_108_1.csv,True,True,0.9235283537969481,2.0554412393694747e-183,False,True,False,False,False,True,True
48,107,NLD_48_107_1.csv,True,True,0.999991761594616,8.58693685036166e-310,False,True,False,False,False,True,True
48,109,NLD_48_109_1.csv,True,True,0.9999999991641321,0.0,False,True,False,False,False,True,True
48,111,NLD_48_111_1.csv,True,True,0.9985991857091697,0.8817576228795045,False,False,False,False,False,False,False
48,112,NLD_48_112_1.csv,True,True,0.08823984994386866,0.9467286572794816,False,False,False,False,False,False,False
50,114,NLD_50_114_1.csv,True,True,0.9821261793623443,0.5713143885355071,False,False,False,False,False,False,False
50,115,NLD_50_115_1.csv,True,True,0.9999999464364534,4.7332692940800016e-105,False,True,False,False,False,True,True
50,115,NLD_50_115_2.csv,True,True,0.999797804135784,0.9999999984367544,False,False,False,False,False,False,False
50,117,NLD_50_117_1.csv,True,True,0.8712717470038379,5.2938802779539405e-12,False,True,False,False,False,True,True
50,118,NLD_50_118_1.csv,True,True,0.8642890004644173,0.8081118146936754,False,False,False,False,False,False,False
50,118,NLD_50_118_2.csv,True,True,0.9990997258945352,0.9999996748100944,False,False,False,False,False,False,False
50,119,NLD_50_119_1.csv,True,True,4.4649729776632224e-05,1.4651414785289562e-07,True,True,False,False,True,True,True
50,121,NLD_50_121_1.csv,True,True,0.9986193923682396,0.9946058712861768,False,False,False,False,False,False,False
51,116,NLD_51_116_1.csv,True,True,0.9852616372523975,0.9909112481167678,False,False,False,False,False,False,False
51,116,NLD_51_116_2.csv,True,True,0.8680462560748917,2.4731947743535993e-113,False,True,False,False,False,True,True
51,117,NLD_51_117_1.csv,True,True,0.9999993379176992,6.43248209717495e-169,False,True,False,False,False,True,True
51,118,NLD_51_118_2.csv,True,True,0.17780217379285734,2.5673983189858886e-65,False,True,False,False,False,True,True
51,119,NLD_51_119_1.csv,True,True,0.8212409137939924,2.452455722192021e-79,False,True,False,False,False,True,True
51,122,NLD_51_122_1.csv,True,True,0.9985804921649973,0.0,False,True,False,False,False,True,True
51,122,NLD_51_122_2.csv,True,True,4.713565887308173e-06,0.9999991173907199,True,False,False,False,True,False,True
51,124,NLD_51_124_1.csv,True,True,2.1608270383827166e-93,0.013181132370210624,True,False,True,False,True,False,True
52,119,NLD_52_119_1.csv,True,True,0.0021338725242982482,0.005166089927847271,True,True,False,False,True,True,True
52,127,NLD_52_127_1.csv,True,True,0.9999968107462489,0.9999987786477487,False,False,False,False,False,False,False
56,140,NLD_56_140_1.csv,True,True,0.5785493317219536,0.5399553832146721,False,False,False,False,False,False,False
57,139,NLD_57_139_1.csv,True,True,0.27038742106172886,2.8999416857872564e-08,False,True,False,False,False,True,True
60,144,NLD_60_144_1.csv,True,True,5.583339963693325e-10,0.020244470458063803,True,False,False,False,True,False,True
60,145,NLD_60_145_1.csv,True,True,1.1889176591665438e-30,0.8635090673735828,True,False,False,False,True,False,True
60,146,NLD_60_146_1.csv,True,True,0.6448955765685351,7.768611217324278e-05,False,True,False,False,False,True,True
60,147,NLD_60_147_1.csv,True,True,0.34132592080696994,1.179064627614146e-13,False,True,False,False,False,True,True
60,148,NLD_60_148_1.csv,True,True,3.693992224245057e-70,2.4041841036099448e-77,True,True,False,False,True,True,True
60,149,NLD_60_149_1.csv,True,True,0.034068818560522934,7.972927336532948e-22,False,True,False,False,False,True,True
60,150,NLD_60_150_1.csv,True,True,0.0,3.878277239014129e-251,True,True,False,False,True,True,True
60,151,NLD_60_151_1.csv,True,True,2.8450884091020872e-49,3.754822913692462e-145,True,True,False,False,True,True,True
62,148,NLD_62_148_1.csv,True,True,1.6615283398477699e-205,2.005035374780722e-111,True,True,True,False,True,True,True
62,149,NLD_62_149_1.csv,True,True,0.006302072024560124,1.7016033294990313e-31,True,True,False,False,True,True,True
62,151,NLD_62_151_1.csv,True,True,5.342176650434826e-21,4.943319469151371e-33,True,True,False,False,True,True,True
62,153,NLD_62_153_1.csv,True,True,1.3044932244840138e-16,1.1810698770314371e-08,True,True,False,False,True,True,True
66,161,NLD_66_161_1.csv,True,True,1.3820529841294635e-05,0.4652626922826538,True,False,False,False,True,False,True
66,163,NLD_66_163_1.csv,True,True,0.0021159791824424874,0.2599516011604712,True,False,False,False,True,False,True
66,164,NLD_66_164_1.csv,True,True,8.045487751999023e-55,3.8761964744801633e-62,True,True,False,False,True,True,True
68,166,NLD_68_166_1.csv,True,True,0.7629540688824048,0.004455305207241439,False,True,False,False,False,True,True
68,167,NLD_68_167_1.csv,True,True,0.19915312675436722,0.9993609829325381,False,False,False,False,False,False,False
70,170,NLD_70_170_1.csv,True,True,0.5846672726423894,3.8406022084085345e-05,False,True,False,False,False,True,True
70,171,NLD_70_171_1.csv,True,True,0.7064057498889864,0.2598863917206539,False,False,False,False,False,False,False
70,172,NLD_70_172_1.csv,True,True,0.989400286660514,3.027158906366092e-09,False,True,False,False,False,True,True
74,181,NLD_74_181_1.csv,True,True,0.9999976052654336,0.0,False,True,False,False,False,True,True
78,195,NLD_78_195_1.csv,True,True,0.9998829101964508,0.9999999997444113,False,False,False,False,False,False,False
78,196,NLD_78_196_1.csv,True,True,0.9999999999999916,0.9999999403128861,False,False,False,False,False,False,False
78,197,NLD_78_197_1.csv,True,True,0.9927400130935917,0.0024186696893724116,False,True,False,False,False,True,True
79,198,NLD_79_198_1.csv,True,True,0.00010643743645369514,2.7538314572763338e-06,True,True,False,False,True,True,True
82,205,NLD_82_205_1.csv,True,True,0.7723316872535766,0.7555047742290132,False,False,False,False,False,False,False
82,206,NLD_82_206_1.csv,True,True,0.8847772232665894,0.9658119767468618,False,False,False,False,False,False,False
82,207,NLD_82_207_1.csv,True,True,,,False,False,True,False,True,False,True
82,208,NLD_82_208_1.csv,False,False,,,False,False,False,False,False,False,False
83,204,NLD_83_204_1.csv,True,True,0.9999999514532366,0.031204512199318666,False,False,False,False,False,False,False
83,206,NLD_83_206_1.csv,True,True,0.9999962819649039,0.896678744177273,False,False,False,False,False,False,False
83,207,NLD_83_207_1.csv,True,True,0.9999994424399727,0.9975375670694462,False,False,False,False,False,False,False
83,208,NLD_83_208_2.csv,True,True,0.9999987116653541,0.9993851179711667,False,False,False,False,False,False,False
84,209,NLD_84_209_1.csv,True,True,0.9990233556238862,0.9682717414799341,False,False,False,False,False,False,False
90,231,NLD_90_231_1.csv,True,True,0.459902447177407,0.20776852060585216,False,False,False,False,False,False,False
90,232,NLD_90_232_1.csv,True,True,0.990089079498935,0.9983756297528927,False,False,False,False,False,False,False
90,233,NLD_90_233_1.csv,True,True,1.8532879634515518e-52,7.48310291989557e-293,True,True,False,False,True,True,True
91,232,NLD_91_232_1.csv,True,True,0.46259558501109416,0.25315475405321314,False,False,False,False,False,False,False
91,233,NLD_91_233_1.csv,True,True,0.006117861810842281,0.9503836220397188,True,False,False,False,True,False,True
92,237,NLD_92_237_1.csv,True,True,0.002073227822558577,0.8891763811683742,True,False,False,False,True,False,True
92,238,NLD_92_238_1.csv,True,True,0.8656338818635472,0.5754954586868786,False,False,False,False,False,False,False
92,239,NLD_92_239_1.csv,True,True,0.00014624946503422628,1.626859859274315e-144,True,True,False,False,True,True,True
93,238,NLD_93_238_1.csv,True,True,0.9999999997165427,0.9960032268307897,False,False,False,False,False,False,False
94,243,NLD_94_243_1.csv,True,True,0.0032719940292785595,0.00011853997490307306,True,True,False,False,True,True,True
