complexity,loss,equation,score,sympy_format,lambda_format
6,0.011127514,(sqrt(x0) * 5.3212523) + -5.639551,3.03784541727929,5.3212523*sqrt(x0) - 5.639551,PySRFunction(X=>5.3212523*sqrt(x0) - 5.639551)
5,0.23212272,(x0 + 5.0286474) * 0.72718054,1.785496273676852,(x0 + 5.0286474)*0.72718054,PySRFunction(X=>(x0 + 5.0286474)*0.72718054)
4,1.3840406,sqrt(x0) * 3.8452578,0.42156610434070024,3.8452578*sqrt(x0),PySRFunction(X=>3.8452578*sqrt(x0))
16,0.004789184,(x0 - log(x0 + -1.5927241)) * ((x0 * ((x0 * 0.0010506362) - 0.0674986)) - -1.9900179),0.18568168390435164,(x0 - log(x0 - 1.5927241))*(x0*(0.0010506362*x0 - 0.0674986) + 1.9900179),PySRFunction(X=>(x0 - log(x0 - 1.5927241))*(x0*(0.0010506362*x0 - 0.0674986) + 1.9900179))
11,0.0067502325,x0 * ((x0 * ((x0 * 0.0004140644) - 0.03344276)) - -1.4110371),0.1470962246825995,x0*(x0*(x0*0.0004140644 - 1*0.03344276) - 1*(-1.4110371)),PySRFunction(X=>x0*(x0*(x0*0.0004140644 - 1*0.03344276) - 1*(-1.4110371)))
8,0.00858851,x0 * ((sqrt(x0) * -0.15620889) - -1.6087601),0.12949775830468932,x0*(1.6087601 - 0.15620889*sqrt(x0)),PySRFunction(X=>x0*(1.6087601 - 0.15620889*sqrt(x0)))
3,2.1097581,x0 * 0.95220965,0.1098152368901575,x0*0.95220965,PySRFunction(X=>x0*0.95220965)
18,0.0041588596,((x0 - log(x0 + -2.646713)) + -0.66802275) * ((x0 * ((x0 * 0.0014102317) - 0.08485424)) - -2.2308393),0.07055956996434963,(x0*(0.0014102317*x0 - 0.08485424) + 2.2308393)*(x0 - log(x0 - 2.646713) - 0.66802275),PySRFunction(X=>(x0*(0.0014102317*x0 - 0.08485424) + 2.2308393)*(x0 - log(x0 - 2.646713) - 0.66802275))
15,0.005766364,(x0 * (((x0 * x0) * ((x0 * 3.1033396e-5) - 0.0013158526)) - -1.149603)) + 0.68517494,0.04756799419378659,x0*(x0*x0*(x0*3.1033396e-5 - 1*0.0013158526) - 1*(-1.149603)) + 0.68517494,PySRFunction(X=>x0*(x0*x0*(x0*3.1033396e-5 - 1*0.0013158526) - 1*(-1.149603)) + 0.68517494)
10,0.007819911,((x0 * (5.360856 - log(x0))) * 0.41813302) + -1.6049874,0.04687604501182667,0.41813302*x0*(5.360856 - log(x0)) - 1.6049874,PySRFunction(X=>0.41813302*x0*(5.360856 - log(x0)) - 1.6049874)
13,0.0063418956,x0 * (((((x0 * x0) * 8.821197e-6) - 0.02742828) * x0) - -1.3845867),0.031199617219518663,x0*(x0*(x0*x0*8.821197e-6 - 1*0.02742828) - 1*(-1.3845867)),PySRFunction(X=>x0*(x0*(x0*x0*8.821197e-6 - 1*0.02742828) - 1*(-1.3845867)))
1,2.6279492,x0,0.0,x0,PySRFunction(X=>x0)
