E,rho_pred,logrho_pred
5.0,564.478535287675,6.335902358575677
5.038076152304609,585.7688342938079,6.372925231021732
5.076152304609218,607.922463307414,6.4100473463789385
5.114228456913827,630.9734070395468,6.447263717500266
5.152304609218437,654.9569612867886,6.484569525517288
5.190380761523046,679.9097799015399,6.521960112752449
5.228456913827655,705.8699233717207,6.55943097600216
5.266533066132265,732.876909056308,6.5969777601676425
5.304609218436874,760.9717631245533,6.6345962522121145
5.342685370741483,790.1970742481141,6.672282375424389
5.380761523046092,820.5970490967873,6.710032183970408
5.4188376753507015,852.2175696899662,6.747841857715486
5.456913827655311,885.1062526574199,6.785707697301274
5.49498997995992,919.3125104644655,6.823626119462487
5.533066132264529,954.8876146581146,6.861593652569512
5.571142284569138,991.8847611923101,6.899606932383917
5.609218436873747,1030.3591378918943,6.937662698014732
5.647294589178356,1070.3679941165374,6.975757788064198
5.685370741482966,1111.9707126874546,7.0138891369524075
5.7234468937875755,1155.228884141337,7.05205377141093
5.761523046092185,1200.2063833776103,7.090248807136178
5.799599198396794,1246.9694487667543,7.128471445593829
5.837675350701403,1295.5867637891536,7.166718970966162
5.875751503006012,1346.1295412756872,7.204988747234728
5.913827655310621,1398.6716103229855,7.243278215391154
5.95190380761523,1453.2895059581006,7.281584890769407
5.98997995991984,1510.0625616291293,7.319906360493177
6.028056112224449,1569.07300460022,7.3582402810324865
6.066132264529058,1630.4060543312119,7.396584375863928
6.104208416833668,1694.1500239241086,7.434936433229294
6.142284569138276,1760.396424720526,7.473294303987661
6.180360721442886,1829.24007413622,7.511655899556289
6.218436873747495,1900.7792068207946,7.550019189935931
6.2565130260521045,1975.1155892327952,7.588382201816452
6.294589178356714,2052.3546377223543,7.626743016758828
6.332665330661323,2132.6055402158095,7.665099769449883
6.370741482965932,2215.981381598727,7.70345064602625
6.408817635270541,2302.5992728960537,7.741793882464327
6.44689378757515,2392.5804843502187,7.780127763033062
6.484969939879759,2486.0505825004643,7.818450618806727
6.523046092184369,2583.139571368627,7.856760826234796
6.561122244488978,2683.982037859343,7.895056805766401
6.599198396793588,2788.7173014846685,7.93333702052683
6.637274549098197,2897.4895685257075,7.971599975043736
6.675350701402806,3010.448090746138,8.009844214020797
6.713426853707415,3127.747328775172,8.048068321156755
6.751503006012024,3249.5471202798685,8.08627091800781
6.789579158316633,3376.012853049251,8.124450662891435
6.8276553106212425,3507.3156431155116,8.162606249829894
6.865731462925852,3643.632518039831,8.200736407531629
6.903807615230461,3785.1466054934654,8.238839898409008
6.941883767535071,3932.047327267072,8.276915517630803
6.979959919839679,4084.530598844258,8.31496209220796
7.018036072144289,4242.7990346780025,8.352978480111256
7.056112224448897,4407.062159311657,8.390963569419544
7.094188376753507,4577.536624488688,8.428916277497256
7.132264529058117,4754.446432398711,8.466835550200015
7.170340681362726,4938.023165210175,8.504720361107198
7.208416833667335,5128.506221042786,8.542569710780324
7.246492985971944,5326.14305653647,8.580382626046287
7.284569138276553,5531.189436175897,8.618158159304366
7.322645290581162,5743.909688533667,8.65589538785614
7.360721442885772,5964.576969597667,8.693593413257341
7.398797595190381,6193.473533351803,8.731251360690832
7.436873747494991,6430.891009782576,8.768868378359867
7.474949899799599,6677.130690486869,8.806443636900832
7.513026052104209,6932.503822060403,8.843976328814758
7.551102204408818,7197.331907449003,8.881465667916846
7.589178356713427,7471.947015448867,8.918910888803353
7.627254509018036,7756.692098545155,8.956311246335163
7.6653306613226455,8051.921319282104,8.993666015137437
7.703406813627255,8358.000385361145,9.03097448911472
7.741482965931864,8675.306893667419,9.06823598098095
7.779559118236474,9004.230683428834,9.105449821803813
7.817635270541082,9345.174198715245,9.142615360562928
7.855711422845692,9698.55286048975,9.17973196372136
7.8937875751503,10064.795448427034,9.216799014809952
7.93186372745491,10444.344492718852,9.253815914024063
7.969939879759519,10837.6566760894,9.290782077832224
8.008016032064129,11245.203246248528,9.32769693859633
8.046092184368739,11667.470439013925,9.364559944202927
8.084168336673347,12104.959912338027,9.401370557705215
8.122244488977955,12558.18919147967,9.438128256975421
8.160320641282565,13027.692125564328,9.474832534367145
8.198396793587175,13514.01935578119,9.51148289638734
8.236472945891784,14017.738795470474,9.548078863377638
8.274549098196394,14539.436122357307,9.584619969204644
8.312625250501002,15079.715283194479,9.62110576095894
8.350701402805612,15639.199011080018,9.657535798662495
8.38877755511022,16218.52935572014,9.69390965498417
8.42685370741483,16818.36822691372,9.730226914963104
8.46492985971944,17439.397951537627,9.766487175739673
8.503006012024048,18082.321844318536,9.802690046293788
8.541082164328657,18747.864792680895,9.838835147190311
8.579158316633267,19436.77385596562,9.874922110331323
8.617234468937877,20149.818879319413,9.910950578715047
8.655310621242485,20887.793122559226,9.946920206201195
8.693386773547095,21651.513904323027,9.982830657282582
8.731462925851703,22441.823261819463,10.018681606862701
8.769539078156313,23259.58862649979,10.054472740039207
8.807615230460922,24105.703515975536,10.09020375189301
8.845691382765532,24981.088242514234,10.125874347282872
8.883767535070142,25886.69063844919,10.161484240645288
8.92184368737475,26823.48679884597,10.19703315579953
8.959919839679358,27792.481841773308,10.232520825757671
8.997995991983968,28794.710686532235,10.267946992539446
9.036072144288578,29831.238850201153,10.303311406991762
9.074148296593187,30903.163262865368,10.338613828612804
9.112224448897795,32011.613101899053,10.373854025380508
9.150300601202405,33157.75064567905,10.409031773585328
9.188376753507015,34342.77214711215,10.444146857667114
9.226452905811623,35567.90872736822,10.479199070056067
9.264529058116233,36834.42729021205,10.514188211017546
9.302605210420843,38143.631457338466,10.549114088500684
9.340681362725451,39496.862525119,10.583976517990681
9.37875751503006,40895.50044317594,10.618775322364671
9.41683366733467,42340.96481520554,10.653510331751042
9.45490981963928,43834.7159224798,10.688181383392124
9.492985971943888,45378.25577046344,10.722788321510164
9.531062124248496,46973.12915898829,10.75733099717646
9.569138276553106,48620.92477643557,10.791809268183583
9.607214428857716,50323.27631838403,10.8262229989206
9.645290581162325,52081.86363118798,10.860572060251204
9.683366733466935,53898.41388095955,10.894856329394708
9.721442885771545,55774.70274843141,10.92907568980973
9.759519038076153,57712.55565019243,10.963230031080622
9.797595190380761,59713.84898678838,10.997319248806459
9.835671342685371,61780.51141819219,11.03134324449257
9.873747494989981,63914.52516715663,11.065301925444535
9.91182364729459,66117.92735096822,11.099195204664575
9.949899799599198,68392.8113421316,11.133023000750272
9.987975951903808,70741.32815852034,11.166785237795551
10.026052104208418,73165.68788354186,11.200481845293877
10.064128256513026,75668.1611168678,11.23411275804358
10.102204408817636,78251.080456299,11.267677916055304
10.140280561122246,80916.84201133074,11.301177264461455
10.178356713426854,83667.90694900638,11.334610753427645
10.216432865731463,86506.80307264872,11.367978338066074
10.254509018036073,89436.12643406958,11.401279978350765
10.292585170340683,92458.54297987069,11.43451563903465
10.330661322645291,95576.79023245657,11.467685289568434
10.3687374749499,98793.67900639033,11.500788904021187
10.40681362725451,102112.09516073587,11.533826461002636
10.44488977955912,105535.00138803544,11.566797943587089
10.482965931863728,109065.4390405928,11.599703339238987
10.521042084168336,112706.52999472935,11.632542639740008
10.559118236472948,116461.47855370415,11.6653158411177
10.597194388777556,120333.57338999135,11.698022943575594
10.635270541082164,124326.18952762707,11.730663951424777
10.673346693386774,128442.79036534615,11.763238873016874
10.711422845691384,132686.9297412405,11.795747720678415
10.749498997995993,137062.25403968364,11.828190510646522
10.7875751503006,141572.50434128757,11.860567263005956
10.82565130260521,146221.5186166494,11.892878001627388
10.86372745490982,151013.23396468657,11.925122754106955
10.901803607214429,155951.68889634812,11.957301551707017
10.939879759519037,161041.02566452135,11.989414429298119
10.977955911823647,166285.49264095415,12.021461425302094
11.016032064128257,171689.4467410327,12.053442581636295
11.054108216432866,177257.35589727788,12.085357943658954
11.092184368737476,182993.80158242185,12.117207560115611
11.130260521042086,188903.48138294835,12.148991483086574
11.168336673346694,194991.2116240096,12.180709767935442
11.206412825651302,201261.9300466222,12.212362473258604
11.244488977955912,207720.69853808507,12.243949660835737
11.282565130260522,214372.70591656305,12.275471395581237
11.32064128256513,221223.2707708107,12.306927745496619
11.358717434869739,228277.84435600694,12.338318781623787
11.396793587174349,235542.01354672769,12.369644577999264
11.434869739478959,243021.50384803847,12.400905211609198
11.472945891783567,250722.18246578766,12.432100762345307
11.511022044088177,258650.06143713061,12.463231312961618
11.549098196392787,266811.3008223696,12.49429694903201
11.587174348697395,275212.2119592125,12.52529775890858
11.625250501002004,283859.26078055956,12.556233833680759
11.663326653306614,292759.07119696756,12.587105267135215
11.701402805611224,301918.42854493315,12.617912155716459
11.739478957915832,311344.2831022085,12.648654598488239
11.77755511022044,321043.7536713119,12.67933269709557
11.81563126252505,331024.13123250124,12.709946555727514
11.85370741482966,341292.88266743487,12.740496281080626
11.891783567134269,351857.6545547987,12.770981982323036
11.929859719438879,362726.27703921136,12.801403771059228
11.967935871743489,373906.7677747159,12.831761761295418
12.006012024048097,385407.335944208,12.862056069405554
12.044088176352705,397236.3863561996,12.89228681409796
12.082164328657315,409402.5236202863,12.922454116382527
12.120240480961925,421914.556402777,12.952558099538527
12.158316633266534,434781.5017639309,12.98259888908297
12.196392785571142,448012.58957828727,13.012576612739524
12.234468937875752,461617.2670396243,13.042491400408
12.272545090180362,475605.20325206703,13.07234338413435
12.31062124248497,489986.2939089349,13.102132698081178
12.34869739478958,504770.6660609565,13.13185947849881
12.38677354709419,519968.68297545874,13.161523863696814
12.424849699398798,535590.9490882362,13.191125994016035
12.462925851703407,551648.3150497964,13.22066601180111
12.501002004008017,568151.882867733,13.25014406137346
12.539078156312627,585113.0111469941,13.279560289004714
12.577154308617235,602543.320429885,13.308914842890625
12.615230460921843,620454.6986376386,13.338207873125398
12.653306613226453,638859.3066154609,13.367439531676467
12.691382765531063,657769.5837829752,13.396609972359686
12.729458917835672,677198.2538920443,13.42571935081494
12.767535070140282,697158.3308939878,13.45476782448218
12.805611222444892,717663.1249182278,13.483755552577817
12.8436873747495,738726.248364507,13.512682696071552
12.881763527054108,760361.622110773,13.541549417663562
12.919839679358718,782583.4818389578,13.570355881762069
12.957915831663328,805406.3844808664,13.599102254461275
12.995991983967937,828845.2147864756,13.627788703519673
13.034068136272547,852915.1920169533,13.656415398338686
13.072144288577155,877631.8767648056,13.68498250994167
13.110220440881765,903011.1779035695,13.71349021095326
13.148296593186373,929069.3596695501,13.741938675579036
13.186372745490983,955823.0488781305,13.770328079585523
13.224448897795591,983289.242277265,13.79865860028052
13.262525050100201,1011485.3140408011,13.826930416493731
13.30060120240481,1040429.0234043294,13.855143708557703
13.33867735470942,1070138.5224463663,13.883298658289085
13.376753507014028,1100632.3640176514,13.911395448970158
13.414829659318638,1131929.5098215134,13.939434265330684
13.452905811623248,1164049.338648187,13.96741529353001
13.490981963927856,1197011.6547661792,13.995338721139476
13.529058116232466,1230836.696473738,14.023204737125095
13.567134268537075,1265545.1448135534,14.051013531830481
13.605210420841685,1301158.1324540025,14.078765296960077
13.643286573146293,1337697.2527401543,14.106460225562614
13.681362725450903,1375184.568917958,14.134098512014841
13.719438877755511,1413642.623535028,14.161680352005478
13.757515030060121,1453094.4480216366,14.189205942519461
13.79559118236473,1493563.572455411,14.216675481822389
13.83366733466934,1535074.035513511,14.244089169445221
13.87174348697395,1577650.3946160236,14.271447206169213
13.909819639278558,1621317.7362644107,14.298749794011052
13.947895791583168,1666101.686579055,14.32599713620826
13.985971943887776,1712028.422039808,14.353189437204785
14.024048096192386,1759124.6804337597,14.38032690263681
14.062124248496994,1807417.7720144533,14.407409739318798
14.100200400801604,1856935.5908767737,14.4344381552297
14.138276553106213,1907706.6265520698,14.461412359499413
14.176352705410823,1959759.97582793,14.48833256239542
14.214428857715431,2013125.3547972462,14.51519897530962
14.252505010020041,2067833.1111413569,14.54201181074536
14.29058116232465,2123914.236652041,14.568771282304658
14.32865731462926,2181400.37999735,14.595477604675605
14.36673346693387,2240323.8597363746,14.62213099361996
14.404809619238478,2300717.677588068,14.64873166596092
14.442885771543088,2362615.5319594913,14.675279839571067
14.480961923847696,2426051.8317388576,14.701775733360481
14.519038076152306,2491061.710359027,14.728219567265054
14.557114228456914,2557681.0401369883,14.754611562234922
14.595190380761524,2625946.4468953363,14.78095194022312
14.633266533066132,2695895.3248714916,14.80724092417434
14.671342685370742,2767565.8519209796,14.8334787380139
14.70941883767535,2840997.005020842,14.85966560663684
14.74749498997996,2916228.5760796093,14.885801755897173
14.78557114228457,2993301.1880604676,14.91188741259731
14.823647294589179,3072256.3114241585,14.937922804477603
14.861723446893789,3153136.280898531,14.963908160206046
14.899799599198397,3235984.312581873,14.989843709368136
14.937875751503007,3320844.5213870145,15.015729682456865
14.975951903807616,3407761.9388335636,15.041566310862816
15.014028056112226,3496782.531196082,15.067353826864474
15.052104208416834,3587953.2180154347,15.093092463618586
15.090180360721444,3681321.8909816626,15.118782455150711
15.128256513026052,3776937.4331961093,15.144424036345875
15.166332665330662,3874849.738821333,15.170017442939368
15.204408817635272,3975109.733126978,15.195562911507643
15.24248496993988,4077769.392940616,15.221060679459368
15.28056112224449,4182881.7675121264,15.246510985026577
15.318637274549099,4290500.9998009,15.271914067255949
15.356713426853709,4400682.348195101,15.297270166000214
15.394789579158317,4513482.208672522,15.322579521909658
15.432865731462927,4628958.137412748,15.347842376423745
15.470941883767535,4747168.87387075,15.37305897176286
15.509018036072145,4868174.364322025,15.398229550920156
15.547094188376754,4992035.7858899,15.423354357653523
15.585170340681364,5118815.571065441,15.448433636477624
15.623246492985972,5248577.432731375,15.473467632656082
15.661322645290582,5381386.389701108,15.498456592193758
15.699398797595192,5517308.792784133,15.523400761829103
15.7374749498998,5656412.351390113,15.548300389026647
15.77555110220441,5798766.160683419,15.573155721969565
15.813627254509019,5944440.729300575,15.597967009552347
15.851703406813629,6093508.007643396,15.622734501373557
15.889779559118237,6246041.416760791,15.647458447728695
15.927855711422847,6402115.8778325785,15.672139099603148
15.965931863727455,6561807.842268855,15.69677670866522
16.004008016032067,6725195.322439276,15.72137152725929
16.04208416833667,6892357.923045782,15.745923808398976
16.080160320641284,7063376.87315483,15.770433805760511
16.118236472945895,7238335.0589025,15.794901773676083
16.1563126252505,7417317.056889164,15.81932796712731
16.194388777555112,7600409.168279269,15.843712641738833
16.23246492985972,7787699.453621762,15.86805605377192
16.27054108216433,7979277.7684086235,15.892358460118196
16.30861723446894,8175235.799388095,15.916620118293459
16.34669338677355,8375667.101649701,15.940841286431521
16.384769539078157,8580667.13649963,15.965022223278181
16.42284569138277,8790333.31014449,15.989163188185275
16.460921843687373,9004765.013201332,16.013264441104717
16.498997995991985,9224063.66105507,16.037326242582743
16.537074148296597,9448332.735080961,16.061348853754133
16.5751503006012,9677677.824753221,16.085332536336495
16.613226452905813,9912206.670661097,16.109277552624704
16.65130260521042,10152029.208452476,16.13318416548535
16.68937875751503,10397257.613727078,16.15705263835124
16.72745490981964,10648006.347902033,16.180883235216
16.76553106212425,10904392.205072269,16.20467622062876
16.803607214428858,11166534.359888919,16.228431859688836
16.84168336673347,11434554.416480184,16.25215041804055
16.879759519038075,11708576.458438974,16.27583216186806
16.917835671342687,11988727.09990286,16.299477357890297
16.955911823647295,12275135.537751468,16.323086273355912
16.993987975951903,12567933.604948647,16.34665917603832
17.032064128256515,12867255.825056542,16.37019633423081
17.070140280561123,13173239.467948254,16.39369801674166
17.10821643286573,13486024.606749779,16.4171644928894
17.146292585170343,13805754.176038155,16.44059603249803
17.18436873747495,14132574.031327652,16.463992905892365
17.22244488977956,14466633.00987416,16.487355383893423
17.26052104208417,14808082.992829151,16.510683737813846
17.298597194388776,15157078.968775386,16.533978239453358
17.336673346693388,15513779.098679828,16.55723916109439
17.374749498997996,15878344.782293204,16.58046677549757
17.412825651302605,16250940.726036493,16.603661355897426
17.450901803607216,16631735.012406686,16.626823175998084
17.488977955911825,17020899.170938946,16.649952509968966
17.527054108216433,17418608.250765014,16.67304963244064
17.565130260521045,17825040.894803394,16.69611481850062
17.603206412825653,18240379.41562387,16.719148343689284
17.64128256513026,18664809.873024855,16.742150483995783
17.679358717434873,19098522.153367057,16.76512151585406
17.717434869739478,19541710.05070435,16.78806171613883
17.75551102204409,19994571.349758666,16.810971362161727
17.793587174348698,20457307.91078037,16.83385073166736
17.831663326653306,20930125.75634287,16.856700102829496
17.869739478957918,21413235.16011928,16.87951975424729
17.907815631262526,21906850.737686887,16.902309964941505
17.945891783567134,22411191.539412793,16.92507101435082
17.983967935871746,22926481.145469833,16.947803182328165
18.022044088176354,23452947.763036173,16.9705067491371
18.060120240480963,23990824.32573169,16.993181995448207
18.098196392785574,24540348.5953489,17.01582920233559
18.13627254509018,25101763.265931062,17.03844865127331
18.17434869739479,25675316.070261445,17.061040624132
18.2124248496994,26261259.88881704,17.083605403175362
18.250501002004007,26859852.861254614,17.10614327105682
18.28857715430862,27471358.500487566,17.128654510816162
18.326653306613228,28096045.809419904,17.15113940587621
18.364729458917836,28734189.400405243,17.173598240039578
18.402805611222448,29386069.617495753,17.196031297485384
18.440881763527056,30051972.661554035,17.218438862766064
18.478957915831664,30732190.718299337,17.240821220804218
18.517034068136276,31427022.089359917,17.263178656889448
18.55511022044088,32136771.326409813,17.285511456675266
18.593186372745492,32861749.36846632,17.307819906176025
18.6312625250501,33602273.6824284,17.330104291763874
18.66933867735471,34358668.406938605,17.352364900165764
18.70741482965932,35131264.499651894,17.374602018460475
18.74549098196393,35920399.88799808,17.396815934075672
18.783567134268537,36726419.623527355,17.419006934785003
18.82164328657315,37549676.03992906,17.44117530870522
18.859719438877757,38390528.91481818,17.46332134429333
18.897795591182366,39249345.63538509,17.485445330343783
18.935871743486977,40126501.368009195,17.507547555985703
18.973947895791582,41022379.231932916,17.529628310680078
19.012024048096194,41937370.47710878,17.5516878842171
19.050100200400802,42871874.66631754,17.573726566713418
19.08817635270541,43826299.861673936,17.5957446486095
19.126252505010022,44801062.81562912,17.617742420666964
19.16432865731463,45796589.16658843,17.63972017396598
19.20240480961924,46813313.63926205,17.661678199902674
19.24048096192385,47851680.249872185,17.68361679018658
19.27855711422846,48912142.51634145,17.705536236838093
19.316633266533067,49995163.67359341,17.727436832185976
19.35470941883768,51101216.89409613,17.74931886886487
19.392785571142284,52230785.51378636,17.771182639812817
19.430861723446895,53384363.26351715,17.793028438268884
19.468937875751504,54562454.50616741,17.81485655777071
19.507014028056112,55765574.47956568,17.83666729215213
19.545090180360724,56994249.54538283,17.85846093554085
19.583166332665332,58249017.44414137,17.880237782356083
19.62124248496994,59530427.55651276,17.901998127306246
19.659318637274552,60839041.171061926,17.9237422653867
19.69739478957916,62175431.75860797,17.945470491877447
19.73547094188377,63540185.25338205,17.96718310234093
19.77354709418838,64933900.3411556,17.988880392619794
19.811623246492985,66357188.75452533,18.010562658834687
19.849699398797597,67810675.57555102,18.032230197382127
19.887775551102205,69294999.54592757,18.053883304932295
19.925851703406813,70810813.38490845,18.075522278426952
19.963927855711425,72358784.11517471,18.097147415077316
20.002004008016034,73939593.3968659,18.118759012361966
20.04008016032064,75553937.86999351,18.140357368024794
20.078156312625254,77202529.50545785,18.161942780072962
20.116232464929862,78886095.9648966,18.18351554677483
20.15430861723447,80605380.9696162,18.205075966658043
20.192384769539082,82361144.67882672,18.22662433850745
20.230460921843687,84154164.0774547,18.248160961363187
20.2685370741483,85985233.37378016,18.269686134518754
20.306613226452907,87855164.40715934,18.29120015751902
20.344689378757515,89764787.06612116,18.31270333015838
20.382765531062127,91714949.71710438,18.334195952478836
20.420841683366735,93706519.64413054,18.355678324768125
20.458917835671343,95740383.49971052,18.377150747557867
20.496993987975955,97817447.76729022,18.398613521621737
20.535070140280563,99938639.23554997,18.42006694797365
20.57314629258517,102104905.48488156,18.441511327865953
20.611222444889783,104317215.38637473,18.462946962787644
20.649298597194388,106576559.61366184,18.484374154462607
20.687374749499,108883951.16796921,18.505793204847883
20.725450901803608,111240425.91673388,18.527204416131895
20.763527054108216,113647043.14617594,18.548608090732785
20.80160320641283,116104886.12819038,18.57000453129668
20.839679358717436,118615062.70197077,18.591394040696013
20.877755511022045,121178705.87076575,18.61277692202787
20.915831663326657,123796974.41419277,18.63415347861235
20.953907815631265,126471053.5165267,18.655524013990885
20.991983967935873,129202155.41143444,18.67688883192466
21.03006012024048,131991520.04358934,18.698248236393013
21.068136272545093,134840415.7476454,18.71960253159181
21.1062124248497,137750139.94506398,18.74095202193191
21.14428857715431,140722019.8592795,18.762297012037575
21.182364729458918,143757413.24973178,18.78363780674494
21.22044088176353,146857709.1652873,18.8049747111005
21.258517034068138,150024328.71759185,18.82630803035953
21.296593186372746,153258725.87493485,18.847638069984665
21.334669338677354,156562388.27718204,18.868965135644366
21.372745490981966,159936838.07238278,18.890289533211444
21.410821643286575,163383632.77567413,18.911611568761625
21.448897795591183,166904366.15109617,18.93293154857207
21.486973947895795,170500669.11699066,18.954249779119973
21.525050100200403,174174210.67563665,18.975566567081106
21.56312625250501,177926698.86782986,18.996882219328445
21.60120240480962,181759881.7531054,19.018197042930748
21.63927855711423,185675548.41635108,19.0395113451512
21.67735470941884,189675530.00155213,19.06082543344602
21.715430861723448,193761700.7734642,19.08213961546311
21.753507014028056,197935979.20800442,19.103454199040712
21.791583166332668,202200329.1121948,19.12476949220607
21.829659318637276,206556760.7745166,19.146085803174138
21.867735470941884,211007332.14653188,19.16740344034622
21.905811623246496,215554150.05671483,19.188722712308724
21.943887775551104,220199371.45738682,19.210043927831826
21.981963927855713,224945204.70575985,19.23136739586825
22.02004008016032,229793910.8800396,19.25269342555197
22.058116232464933,234747805.1316384,19.27402232619696
22.09619238476954,239809258.07455367,19.29535440729598
22.13426853707415,244980697.21296805,19.316689978519307
22.172344689378757,250264608.40824792,19.33802934971357
22.21042084168337,255663537.3864247,19.359372830900476
22.248496993987978,261180091.28742346,19.38072073227567
22.286573146292586,266816940.25721863,19.40207336420753
22.324649298597198,272576819.084196,19.423431037235986
22.362725450901806,278462528.8810421,19.444794062071352
22.400801603206414,284476938.81349117,19.466162749593177
22.438877755511022,290622987.87734276,19.48753741084913
22.476953907815634,296903686.72513676,19.508918357053783
22.515030060120242,303322119.54404414,19.53030589958759
22.55310621242485,309881445.98641115,19.551700349995684
22.59118236472946,316584903.15460163,19.57310201998683
22.62925851703407,323435807.6417208,19.594511221432303
22.66733466933868,330437557.629909,19.615928266364797
22.705410821643287,337593635.04793876,19.63735346697736
22.7434869739479,344907607.7898957,19.658787135622322
22.781563126252507,352383131.9967795,19.68022958481025
22.819639278557116,360023954.40292555,19.701681127208868
22.857715430861724,367833914.7492149,19.72314207564204
22.895791583166336,375816948.2650967,19.744612743088748
22.933867735470944,383977088.2214869,19.76609344268203
22.971943887775552,392318468.5567343,19.787584487708
23.01002004008016,400845326.57786196,19.809086191604834
23.048096192384772,409562005.7393693,19.830598867961783
23.08617234468938,418472958.5019712,19.852122830518145
23.12424849699399,427582749.27375627,19.87365839316234
23.162324649298597,436896057.4362245,19.8952058699309
23.20040080160321,446417680.4578732,19.916765575007517
23.238476953907817,456152537.09799993,19.938337822722094
23.276553106212425,466105670.7034914,19.959922927549783
23.314629258517037,476282252.6015059,19.981521204110066
23.352705410821645,486687585.590966,20.003132967165783
23.390781563126254,497327107.5360047,20.024758531622275
23.428857715430862,508206395.0644123,20.0463982125264
23.466933867735474,519331167.3744741,20.068052325065672
23.505010020040082,530707290.15348625,20.089721184567324
23.54308617234469,542340779.6114911,20.11140510649745
23.5811623246493,554237806.6337931,20.13310440646009
23.61923847695391,566404701.0560137,20.15481940019637
23.65731462925852,578847956.065504,20.17655040358361
23.695390781563127,591574232.7331128,20.1982977326345
23.73346693386774,604590364.6793642,20.220061703496178
23.771543086172347,617903362.8793813,20.241842632449448
23.809619238476955,631520420.6108212,20.263640835907886
23.847695390781563,645448918.5494624,20.28545663041704
23.885771543086175,659696430.0170383,20.30729033265358
23.923847695390783,674270726.3862143,20.329142259424465
23.96192384769539,689179782.6477016,20.351012727666166
24.0,704431783.1446344,20.372902054443813
