reference,reference_url
"Carlson and Barschall, Phys. Rev. 158, 1967",
DOI:10.1016/0031-9163(65)90447-6,https://doi.org/10.1016/0031-9163(65)90447-6
DOI:10.1103/PhysRevC.47.1033.,https://doi.org/10.1103/PhysRevC.47.1033
"Phys. Rev. C 70, 024311 (2004)",https://doi.org/10.1103/PhysRevC.70.024311
"F.B. Bateman et al. PRC 55, 133 (1997)",https://doi.org/10.1103/PhysRevC.55.133
"Phys. Rev. C 62, 064312 (2000)",https://doi.org/10.1103/PhysRevC.62.064312
"A. Richter et al. PhysLett 14, 121 (1965)",
"J.R. Huizenga et al. PR 182, 1149 (1969)",
DOI:10.1143/JPSJ.36.10,https://doi.org/10.1143/JPSJ.36.10
DOI: 10.1103/PhysRevC.84.054322,https://doi.org/10.1103/PhysRevC.84.054322
"A. Bürger et al. PRC 85, 064328(2012)",https://doi.org/10.1103/PhysRevC.85.064328
"A.V. Voinov et al. PRC 77, 034613 (2008)",https://doi.org/10.1103/PhysRevC.77.034613
"A.C. Larsen et al. PRC 76, 044303 (2007)",https://doi.org/10.1103/PhysRevC.76.044303
"A.C. Larsen et al. PRC 85, 014320 (2012)",https://doi.org/10.1103/PhysRevC.85.014320
"N.U.H. Syed et al. PRC 80, 044309 (2009)",https://doi.org/10.1103/PhysRevC.80.044309
"M. Guttormsen et al. PRC 83, 014312 (2011)",https://doi.org/10.1103/PhysRevC.83.014312
"S.N. Liddick et al. PRC 100, 024624 (2019)",https://doi.org/10.1103/PhysRevC.100.024624
"A.C. Larsen et al. PRC 73, 064301 (2006)",https://doi.org/10.1103/PhysRevC.73.064301
"G. P. A. Nobre, D. A. Brown, M. W. Herman, and A. Golas, arXiv:1909.09660v2",
"A. Schiller et al. PRC 68, 054326 (2003)",https://doi.org/10.1103/PhysRevC.68.054326
DOI:10.1103/PhysRev.182.1149,https://doi.org/10.1103/PhysRev.182.1149
DOI: 10.1134/S1063779606040010.,https://doi.org/10.1134/S1063779606040010
"A.V. Voinov et al., Phys Rev C 76, 044602 (2007)",https://doi.org/10.1103/PhysRevC.76.044602
"B.M. Oginni et al., Phys. Rev. C 80, 034305 (2009)",https://doi.org/10.1103/PhysRevC.80.034305
"B.M. Oginni, Ph.D. dissertation, Ohio University, June 2009.",
"Y. Kalmykov, Phys. Rev. Lett. 99, 202502 (2007)",https://doi.org/10.1103/PhysRevLett.99.202502
"S. Grimes, Phys Rev C 3, 645(1971)",https://doi.org/10.1103/PhysRevC.3.645
"A. Salas-Bacci, Phys Rev C 70, 024311 (2004)",https://doi.org/10.1103/PhysRevC.70.024311
"J.R. Huizenga, Phys Rev 182, 1149 (1969)",
"A. V. Voinov et al., EPJ Web of Conferences 21, 05001 (2012)",https://doi.org/10.1051/epjconf/20122105001
"C.C. Lu et al, Nucl. Phys. A 190, 229-260 (1972), DOI:10.1016/0375-9474(72)90139-X",
"C.C. Lu et al, NP A190,229(1970)",
"A. Spyrou et al., J. Phys. G: Nucl. Part. Phys. 44, 044002 (2017)",
"S.N. Liddick et al. Phys. Rev. Lett. 116, 242502 (2016)",https://doi.org/10.1103/PhysRevLett.116.242502
"JC Pacer, Nucl. Phys. A 226, 413–423 (1974)",
D. Soltesz et al. PRC In Press (2020),
"A.P.D. Ramirez et al. PRC 88, 064324 (2013)",https://doi.org/10.1103/PhysRevC.88.064324
"R. Lewis et al. PRC 99, 034601 (2019)",https://doi.org/10.1103/PhysRevC.99.034601
"J. Giovinazzo et al. NPA 674, 394 (2000) [original data in references]",
"U.K. Pal et al. J Phys. G 25, 1671 (1999)",
"A.V. Voinov et al. PRC 99, 054609 (2019)",https://doi.org/10.1103/PhysRevC.99.054609
"T. Renstrøm et al. PRC 93, 064302 (2016)",https://doi.org/10.1103/PhysRevC.93.064302
"A. Spyrou et al. Phys. Rev. Lett 113, 232502 (2014)",https://doi.org/10.1103/PhysRevLett.113.232502
"D. Mücher et al., arXiv:2011.0107",
"Ph. Dessagne, Phys. Rev. C 37 (6) (1988) 2687",
M. Maruyama. NP A131 145 (1969),
"S. Raman et al., Phys. Rev. C 28, 602 (1983)",https://doi.org/10.1103/PhysRevC.28.602
"V.W. Ingeberg et al. EPJA 56, 68 (2020)",
D. Mucher et al. arxiv2011.01071 (2020),
"B. Leist ZPA 322, 531 (1983)",
"K.-L. Kratz et al. ZPA 312, 43 (1983)",
"M. Guttormsen et al. PRC 90, 044309 (2014)",https://doi.org/10.1103/PhysRevC.90.044309
"Y. Kalmykov et al. PRL 99, 202502 (2007)",https://doi.org/10.1103/PhysRevLett.99.202502
"Y. Kalmykov et al. PRL 96, 012502 (2006)",https://doi.org/10.1103/PhysRevLett.96.012502
"G.M. Tveten et al. PRC 94, 025804 (2016)",https://doi.org/10.1103/PhysRevC.94.025804
"R. Chankova et al. PRC 73, 034311 (2006)",https://doi.org/10.1103/PhysRevC.73.034311
"D. Martin et al. Phys. Rev. Lett 119, 182503 (2017)",https://doi.org/10.1103/PhysRevLett.119.182503
"B.V. Zhuravlev et al, BRASP, 63 5 764(1999) [BRASP = Bulletin of the Russian Society of Physics]",https://doi.org/10.1134/s106287382338001x
"T.K. Eriksen et al. Phys. Rev. C 90, 044311 (2014)",https://doi.org/10.1103/PhysRevC.90.044311
"D.R. Chakrabarty et al. Phys. Rev. C 51, 2942 (1995)",https://doi.org/10.1103/PhysRevC.51.2942
"T. Elmroth et al. NPA 304, 493 (1978)",
"A.C. Larsen et al. PRC 87, 014319 (2013)",https://doi.org/10.1103/PhysRevC.87.014319
"MI Svirin, Phys. Part. Nucl. 37, 475–519 (2006), DOI:10.1134/S1063779606040010",
"M. Guttormsen et al. EPJA 51, 170 (2015)",
"H.K. Toft et al. PRC 81, 064311 (2010)",https://doi.org/10.1103/PhysRevC.81.064311
"H.K. Toft et al. PRC 83, 044320 (2011)",https://doi.org/10.1103/PhysRevC.83.044320
"B. V. Zhuravlev, Phys. Atom. Nucl. 69, 363–370 (2006)",
"P. Roy et al. PRC 102, 061601(R) (2020)",https://doi.org/10.1103/PhysRevC.102.061601
"R. Shil et al., Phys. Lett. B Volume 831 C (2022)",
"P.G. Hansen et al. NPA 518, 13 (1999)",
"H. Ohm, Atoms and Nuclei 296, 23-33 (1980)",
"M. Maruyama, Nucl. Phys. A 131 145(1969)",
"B.V. Kheswa et al., EPJ Web of Conferences 93, 04005 (2015)",
"M Guttormsen, Phys. Lett. B, Volume 816 136206 (2021)",
"S. Siem et al. Phys. Rev. C 65, 044318 (2002)",https://doi.org/10.1103/PhysRevC.65.044318
"A. Simon et al. Phys. Rev. C 93,034303 (2016)",https://doi.org/10.1103/PhysRevC.93.034303
"M.Guttormsen et al., Phys. Rev. C 68, 064306 (2003).",https://doi.org/10.1103/PhysRevC.68.064306
"A. Schiller et al. PRC 63, 021306(R) (2001)",https://doi.org/10.1103/PhysRevC.63.021306
"T. Nyhus et al. Phys. Rev. C 85, 014323 (2012)",https://doi.org/10.1103/PhysRevC.85.014323
"E. Melby et al. Phys. Rev. C 63, 044309 (2001)",https://doi.org/10.1103/PhysRevC.63.044309
"U. Agvaanluvsan et al. Phys. Rev. C 70, 054611 (2004)",https://doi.org/10.1103/PhysRevC.70.054611
"A Voinov, Phys. Rev. C 63, 044313 (2001)",https://doi.org/10.1103/PhysRevC.63.044313
"K Tsukada, Nucl. Phys. 78 369-384 (1966)",
"SM Grimes, Phys. Rev. C 6 236 (1972)",https://doi.org/10.1103/PhysRevC.6.236
"F. Giacoppo et al. Phys. Rev. C 90, 054330 (2014)",https://doi.org/10.1103/PhysRevC.90.054330
"Y. Byun, PhD Thesis , Ohio University, 2013",
"NUH Syed et al., Phys. Rev. C 79, 024316 (2009)",https://doi.org/10.1103/PhysRevC.79.024316
"I. Poltoratska et al., Phys. Rev. C 89, 054322 (2014)",https://doi.org/10.1103/PhysRevC.89.054322
"A Wallner, Phys. Rev. C 51, 614 (1995)",https://doi.org/10.1103/PhysRevC.51.614
"M. Guttormsen et al. PRC 88, 024307 (2013)",https://doi.org/10.1103/PhysRevC.88.024307
"M. Guttormsen et al. PRC 89,014302 (2014)",https://doi.org/10.1103/PhysRevC.89.014302
"T.G. Tornyi et al. PRC 89, 0443232 (2014)",https://doi.org/10.1103/PhysRevC.89.0443232
"T.A.Laplace et al. PRC 91, 014323 (2016)",https://doi.org/10.1103/PhysRevC.91.014323
